product_name,product_asin,product_price,product_ratings,product_ratings_num,product_link,product_image
David’s Cookies Gourmet Butter Pecan Meltaway Cookies Gift Basket – 32oz Butter Cookies with Crunchy Pecans and Powdered Sugar – All-Natural Ingredients – Kosher Recipe – Ideal Gift for Corporate Birthday Fathers Mothers Day Get Well and Other Special Occasions,B0000DA0XJ,32.99,4.2 out of 5 stars,"14,490",https://www.amazon.com/sspa/click?ie=UTF8&spc=MToyMzkzOTM4OTU4MTUwMjg6MTY5MTgxMzE5NzpzcF9hdGY6MjAwMDM2NDUyNDE1Mjk4OjowOjo&url=%2FDavids-Cookies-Butter-Pecan-Melt%2Fdp%2FB0000DA0XJ%2Fref%3Dsr_1_1_sspa%3Fkeywords%3Dcookies%26qid%3D1691813197%26rdc%3D1%26sr%3D8-1-spons%26sp_csd%3Dd2lkZ2V0TmFtZT1zcF9hdGY%26psc%3D1,https://m.media-amazon.com/images/I/71SII1aCu-L._AC_UL320_.jpg
"Amazon Brand - Happy Belly Pecan Shortbread, 11.3 Ounce",B08BD4Y9S5,2.07,4.3 out of 5 stars,"14,300",https://www.amazon.com/Happy-Belly-Pecan-Shortbread-11-3/dp/B08BD4Y9S5/ref=sr_1_2?keywords=cookies&qid=1691813197&sr=8-2,https://m.media-amazon.com/images/I/71YeH-4TnDL._AC_UL320_.jpg
Grandma's Cookies Variety Pack of 30,B076BYR9JP,16.48,4.5 out of 5 stars,"65,753",https://www.amazon.com/Grandmas-Cookies-Variety-Pack-Count/dp/B076BYR9JP/ref=sr_1_3?keywords=cookies&qid=1691813197&sr=8-3,https://m.media-amazon.com/images/I/91afkHiUzDS._AC_UL320_.jpg
"OREO Original, OREO Golden, CHIPS AHOY! & Nutter Butter Cookie Snacks Variety Pack, School Lunch Box Snacks, 56 Snack Packs (2 Cookies Per Pack)",B0872ZMXBG,22.58,4.6 out of 5 stars,"82,490",https://www.amazon.com/Original-Golden-Variety-Halloween-Cookies/dp/B0872ZMXBG/ref=sr_1_4?keywords=cookies&qid=1691813197&sr=8-4,https://m.media-amazon.com/images/I/81p8sciFxCL._AC_UL320_.jpg
"Nabisco Sweet Treats Cookie Variety Pack OREO, OREO Golden & CHIPS AHOY!, 30 Snack Packs (2 Cookies Per Pack)",B071XHP12B,11.98,4.7 out of 5 stars,"45,195",https://www.amazon.com/Nabisco-Sweet-Treats-Variety-Cookies/dp/B071XHP12B/ref=sr_1_5?keywords=cookies&qid=1691813197&sr=8-5,https://m.media-amazon.com/images/I/816xrTPWbgL._AC_UL320_.jpg
"Bauducco Vanilla Wafers - Crispy Wafer Cookies With 3 Delicious, Indulgent, Decadent Layers of Vanilla Flavored Cream - Delicious Sweet Snack or Desert - 5.82oz (Pack of 1)",B007W3DDUW,0.98,4.3 out of 5 stars,"3,872",https://www.amazon.com/Bauducco-Cookie-Wafer-Sugar-Vanilla/dp/B007W3DDUW/ref=sr_1_6?keywords=cookies&qid=1691813197&sr=8-6,https://m.media-amazon.com/images/I/71IPTAEaSkL._AC_UL320_.jpg
"Pepperidge Farm Chocolate Collection, 7 Cookie Varieties, 13-oz Box",B016S52XNM,7.78,4.4 out of 5 stars,"2,300",https://www.amazon.com/Pepperidge-Farm-Cookie-Collections-Chocolate/dp/B016S52XNM/ref=sr_1_7?keywords=cookies&qid=1691813197&sr=8-7,https://m.media-amazon.com/images/I/91+vMP1VIsL._AC_UL320_.jpg
"CHIPS AHOY! Chunky Chocolate Chunk Cookies, Party Size, 24.75 oz",B08LGMVQX7,4.99,4.6 out of 5 stars,"13,971",https://www.amazon.com/Chips-Ahoy-Chunky-Cookies-Chocolate/dp/B08LGMVQX7/ref=sr_1_8?keywords=cookies&qid=1691813197&sr=8-8,https://m.media-amazon.com/images/I/81eMf22qgmL._AC_UL320_.jpg
"Pepperidge Farm Milano Cookies, Raspberry Chocolate, 7 oz. Bag",B00JK04QK6,3.82,4.4 out of 5 stars,775,https://www.amazon.com/Pepperidge-Farm-Cookies-Raspberry-24-count/dp/B00JK04QK6/ref=sr_1_9?keywords=cookies&qid=1691813197&sr=8-9,https://m.media-amazon.com/images/I/718qpRR+kbL._AC_UL320_.jpg
"Pillsbury Mini Soft Baked Cookies, Chocolate Chip, Snack Bags, 12 ct",B09ZQ1RQ92,5.88,4.5 out of 5 stars,732,https://www.amazon.com/Pillsbury-Baked-Cookies-Chocolate-Count/dp/B09ZQ1RQ92/ref=sr_1_10?keywords=cookies&qid=1691813197&sr=8-10,https://m.media-amazon.com/images/I/81Ffjcb-XdL._AC_UL320_.jpg
"OREO Mini Cookies, Mini CHIPS AHOY! Cookies, RITZ Bits Cheese Crackers, Nutter Butter Bites & Wheat Thins Crackers, Nabisco Cookie & Cracker Variety Pack, School Lunch Box Snacks, 50 Snack Packs",B08F364J7J,26.58,4.7 out of 5 stars,"2,537",https://www.amazon.com/Cookies-Crackers-Nabisco-Cracker-Variety/dp/B08F364J7J/ref=sr_1_11?keywords=cookies&qid=1691813197&sr=8-11,https://m.media-amazon.com/images/I/91Me5foYBFL._AC_UL320_.jpg
"Pillsbury Soft Baked Cookies, Chocolate Chip, 9.53 oz, 18 ct",B08X2RN85C,3.18,3.7 out of 5 stars,"9,325",https://www.amazon.com/Pillsbury-Soft-Baked-Cookies-Chocolate/dp/B08X2RN85C/ref=sr_1_12?keywords=cookies&qid=1691813197&sr=8-12,https://m.media-amazon.com/images/I/71HxxaTXjhL._AC_UL320_.jpg
"OREO Cookies Variety Pack, OREO Original, OREO Golden, OREO Double Stuf & OREO Thins, 56 Snack Packs",B08XZHF8VJ,25.28,4.6 out of 5 stars,"8,091",https://www.amazon.com/Cookies-Variety-Original-Golden-Halloween/dp/B08XZHF8VJ/ref=sr_1_13?keywords=cookies&qid=1691813197&sr=8-13,https://m.media-amazon.com/images/I/91owo+ytrZL._AC_UL320_.jpg
"Simple Mills Sweet Thins Cookies, Seed and Nut Flour, Chocolate Brownie - Gluten Free, Paleo Friendly, Healthy Snacks, 4.25 Ounce (Pack of 1)",B08QYMDFFN,4.88,4.5 out of 5 stars,"6,570",https://www.amazon.com/sspa/click?ie=UTF8&spc=MToyMzkzOTM4OTU4MTUwMjg6MTY5MTgxMzE5NzpzcF9tdGY6MjAwMDQwNDgzODg2MDk4OjowOjo&url=%2FSimple-Mills-Chocolate-Brownie-Sweet%2Fdp%2FB08QYMDFFN%2Fref%3Dsr_1_14_sspa%3Fkeywords%3Dcookies%26qid%3D1691813197%26sr%3D8-14-spons%26sp_csd%3Dd2lkZ2V0TmFtZT1zcF9tdGY%26psc%3D1,https://m.media-amazon.com/images/I/81lrNguv1sS._AC_UL320_.jpg
"OREOiD Cookies Gift Box, Chocolate Sandwich Cookies with White Chocolate and Sprinkle (4 count, Birthday)",B0BC2HCQL7,25.99,4.0 out of 5 stars,39,https://www.amazon.com/sspa/click?ie=UTF8&spc=MToyMzkzOTM4OTU4MTUwMjg6MTY5MTgxMzE5NzpzcF9tdGY6MjAwMDg0MDc2MzA2OTk4OjowOjo&url=%2FOREOiD-Chocolate-Sandwich-Sprinkle-Birthday%2Fdp%2FB0BC2HCQL7%2Fref%3Dsr_1_15_sspa%3Fkeywords%3Dcookies%26qid%3D1691813197%26sr%3D8-15-spons%26sp_csd%3Dd2lkZ2V0TmFtZT1zcF9tdGY%26psc%3D1,https://m.media-amazon.com/images/I/71R4epqMMYL._AC_UL320_.jpg
"Granny Bella Chocolate Chip Cookie Gifts, Homemade Fresh Bakery Cookies for Fathers Day, Prime Gift Basket Ideas From Daughter Wife Step Son Kids Girlfriend, For Dad Grandpa Husband Papa Uncle Baskets Delivery",B0C6PT67V1,36.99,4.2 out of 5 stars,181,https://www.amazon.com/sspa/click?ie=UTF8&spc=MToyMzkzOTM4OTU4MTUwMjg6MTY5MTgxMzE5NzpzcF9tdGY6MjAwMTU5NjI3NzA2Mzk4OjowOjo&url=%2FChocolate-Homemade-Daughter-Girlfriend-Delivery%2Fdp%2FB0C6PT67V1%2Fref%3Dsr_1_16_sspa%3Fkeywords%3Dcookies%26qid%3D1691813197%26sr%3D8-16-spons%26sp_csd%3Dd2lkZ2V0TmFtZT1zcF9tdGY%26psc%3D1,https://m.media-amazon.com/images/I/91jqWJIRTLL._AC_UL320_.jpg
"Simple Mills Cocoa Cashew Crème Sandwich Cookies - Gluten Free, Vegan, Healthy Snacks, 6.7 Ounce (Pack of 1)",B09L8YRV7R,5.98,3.7 out of 5 stars,"1,566",https://www.amazon.com/sspa/click?ie=UTF8&spc=MToyMzkzOTM4OTU4MTUwMjg6MTY5MTgxMzE5NzpzcF9tdGY6MjAwMDY4OTgwODAxOTk4OjowOjo&url=%2FSimple-Mills-Cocoa-Cashew-Cookies%2Fdp%2FB09L8YRV7R%2Fref%3Dsr_1_17_sspa%3Fkeywords%3Dcookies%26qid%3D1691813197%26sr%3D8-17-spons%26sp_csd%3Dd2lkZ2V0TmFtZT1zcF9tdGY%26psc%3D1,https://m.media-amazon.com/images/I/711qKNKp82L._AC_UL320_.jpg
"Archway Archway Iced Molasses Cookies, 12 Ounce",B00AGMJIKK,4.79,4.4 out of 5 stars,"11,743",https://www.amazon.com/Archway-Cookies-Iced-Molasses-Ounce/dp/B00AGMJIKK/ref=sr_1_18?keywords=cookies&qid=1691813197&sr=8-18,https://m.media-amazon.com/images/I/81bMFGnrfyL._AC_UL320_.jpg
"OREO Mini Cookies, CHIPS AHOY! Mini Cookies, SOUR PATCH KIDS Candy & Nutter Butter Bites Cookies & Candy Variety Pack, School Lunch Box Snacks, 32 Snack Packs",B0872ZS2Y2,16.68,4.7 out of 5 stars,"16,954",https://www.amazon.com/Cookies-Nutter-Butter-Variety-Halloween/dp/B0872ZS2Y2/ref=sr_1_19?keywords=cookies&qid=1691813197&sr=8-19,https://m.media-amazon.com/images/I/91hSnpr6vQL._AC_UL320_.jpg
"OREO Chocolate Sandwich Cookies, Party Size, 25.5 oz",B078PDK5B5,5.98,4.8 out of 5 stars,"3,788",https://www.amazon.com/Oreo-Chocolate-Sandwich-Cookies-Ounce/dp/B078PDK5B5/ref=sr_1_20?keywords=cookies&qid=1691813197&sr=8-20,https://m.media-amazon.com/images/I/81wx1jg1MVL._AC_UL320_.jpg
"Super Mario™ OREO Chocolate Sandwich Cookies, Limited Edition, 12.2 oz",B0BXMNNDZX,4.49,4.7 out of 5 stars,150,https://www.amazon.com/MarioTM-Chocolate-Sandwich-Cookies-Limited/dp/B0BXMNNDZX/ref=sr_1_21?keywords=cookies&qid=1691813197&sr=8-21,https://m.media-amazon.com/images/I/81hSSbs1IfL._AC_UL320_.jpg
"OREO Golden Sandwich Cookies, 12 - 13.29 oz Packs",B0BQVB54JY,43.61,3.9 out of 5 stars,"1,601",https://www.amazon.com/sspa/click?ie=UTF8&spc=MToyMzkzOTM4OTU4MTUwMjg6MTY5MTgxMzE5NzpzcF9tdGY6MjAwMTc3MDIwOTU5Mzk4OjowOjo&url=%2FOREO-Golden-Sandwich-Cookies-12%2Fdp%2FB0BQVB54JY%2Fref%3Dsr_1_22_sspa%3Fkeywords%3Dcookies%26qid%3D1691813197%26sr%3D8-22-spons%26sp_csd%3Dd2lkZ2V0TmFtZT1zcF9tdGY%26psc%3D1,https://m.media-amazon.com/images/I/81CJ93A+NtL._AC_UL320_.jpg
"OREO Double Stuf Chocolate Sandwich Cookies, Family Size, 12 - 18.71 oz Packs",B0BQV5K72L,54.96,4.7 out of 5 stars,"2,441",https://www.amazon.com/sspa/click?ie=UTF8&spc=MToyMzkzOTM4OTU4MTUwMjg6MTY5MTgxMzE5NzpzcF9tdGY6MjAwMTc3MDI1ODY4NTk4OjowOjo&url=%2FDouble-Chocolate-Sandwich-Cookies-Family%2Fdp%2FB0BQV5K72L%2Fref%3Dsr_1_23_sspa%3Fkeywords%3Dcookies%26qid%3D1691813197%26sr%3D8-23-spons%26sp_csd%3Dd2lkZ2V0TmFtZT1zcF9tdGY%26psc%3D1,https://m.media-amazon.com/images/I/814j1wzDJxL._AC_UL320_.jpg
"OREO Mint Creme Chocolate Sandwich Cookies, Family Size, 12 - 18.71 oz Packs",B0BQTYDGVV,54.96,4.5 out of 5 stars,2,https://www.amazon.com/sspa/click?ie=UTF8&spc=MToyMzkzOTM4OTU4MTUwMjg6MTY5MTgxMzE5NzpzcF9tdGY6MjAwMTc3MDI1ODY4OTk4OjowOjo&url=%2FCreme-Chocolate-Sandwich-Cookies-Family%2Fdp%2FB0BQTYDGVV%2Fref%3Dsr_1_24_sspa%3Fkeywords%3Dcookies%26qid%3D1691813197%26sr%3D8-24-spons%26sp_csd%3Dd2lkZ2V0TmFtZT1zcF9tdGY%26psc%3D1,https://m.media-amazon.com/images/I/81zUoYe7D1L._AC_UL320_.jpg
"Cookies Gift Box - Food Gift - Gourmet Food Gift Basket - Great Gift for Graduation, Birthday, Sympathy, Employee Appreciation men/women",B0BX8W2CBV,13.99,4.0 out of 5 stars,"1,628",https://www.amazon.com/sspa/click?ie=UTF8&spc=MToyMzkzOTM4OTU4MTUwMjg6MTY5MTgxMzE5NzpzcF9tdGY6MjAwMTM5Mjc3NzU3Njk4OjowOjo&url=%2FCookies-Gift-Box-Graduation-Appreciation%2Fdp%2FB0BX8W2CBV%2Fref%3Dsr_1_25_sspa%3Fkeywords%3Dcookies%26qid%3D1691813197%26sr%3D8-25-spons%26sp_csd%3Dd2lkZ2V0TmFtZT1zcF9tdGY%26psc%3D1,https://m.media-amazon.com/images/I/41cdowAaK9L._AC_UL320_.jpg
"Archway Cookies, Crispy Gingersnap Cookies, 12 Oz",B00DVXRRZY,4.79,4.4 out of 5 stars,"2,640",https://www.amazon.com/Archway-Cookies-Gingersnap-12-Ounce/dp/B00DVXRRZY/ref=sr_1_26?keywords=cookies&qid=1691813197&sr=8-26,https://m.media-amazon.com/images/I/91M7eEMzwJL._AC_UL320_.jpg
"Pepperidge Farm Milano Cookies, Double Dark Chocolate, 7.5 Ounce (Pack of 3)",B079M8YRBM,11.46,4.7 out of 5 stars,"5,561",https://www.amazon.com/Pepperidge-Farm-Cookies-Chocolate-3-count/dp/B079M8YRBM/ref=sr_1_27?keywords=cookies&qid=1691813197&sr=8-27,https://m.media-amazon.com/images/I/71F7FrlT0OL._AC_UL320_.jpg
"OREO, CHIPS AHOY! & Nutter Butter Cookies Variety Pack, Family Size, School Lunch Box Snacks, 3 Packs",B083L425Z5,16.84,4.7 out of 5 stars,"5,670",https://www.amazon.com/Nutter-Butter-Cookie-Variety-Family/dp/B083L425Z5/ref=sr_1_28?keywords=cookies&qid=1691813197&sr=8-28,https://m.media-amazon.com/images/I/81jTcw3-HwL._AC_UL320_.jpg
"Walker's Shortbread Highlanders, Pure Butter Shortbread Cookies, 4.7 Oz Box",B003VC3M90,5.99,4.4 out of 5 stars,"9,119",https://www.amazon.com/Walkers-Shortbread-Highlanders-Traditional-Ingredients/dp/B003VC3M90/ref=sr_1_29?keywords=cookies&qid=1691813197&sr=8-29,https://m.media-amazon.com/images/I/61x2QYm2GHL._AC_UL320_.jpg
"Simple Mills Almond Flour Crunchy Cookies, Double Chocolate Chip - Gluten Free, Vegan, Healthy Snacks, Made with Organic Coconut Oil, 5.5 Ounce (Pack of 1)",B072HV5XPX,5.29,4.4 out of 5 stars,"13,320",https://www.amazon.com/sspa/click?ie=UTF8&spc=MToyMzkzOTM4OTU4MTUwMjg6MTY5MTgxMzE5NzpzcF9tdGY6MjAwMDI3OTkxNjA3ODQxOjowOjo&url=%2FSimple-Mills-Crunchy-Chocolate-Naturally%2Fdp%2FB072HV5XPX%2Fref%3Dsr_1_30_sspa%3Fkeywords%3Dcookies%26qid%3D1691813197%26sr%3D8-30-spons%26sp_csd%3Dd2lkZ2V0TmFtZT1zcF9tdGY%26psc%3D1,https://m.media-amazon.com/images/I/81pgvSx-BNL._AC_UL320_.jpg
"Cookie Gift Box - Happy Birthday Cookies - Gourmet Cookies Gift - Birthday Gift Basket,for men women - Kosher Vegan",B0BSR99HQ5,14.99,4.1 out of 5 stars,62,https://www.amazon.com/sspa/click?ie=UTF8&spc=MToyMzkzOTM4OTU4MTUwMjg6MTY5MTgxMzE5NzpzcF9tdGY6MjAwMTQ2MzExNzM3Mzk4OjowOjo&url=%2FCookie-Gift-Box-Birthday-Cookies%2Fdp%2FB0BSR99HQ5%2Fref%3Dsr_1_31_sspa%3Fkeywords%3Dcookies%26qid%3D1691813197%26sr%3D8-31-spons%26sp_csd%3Dd2lkZ2V0TmFtZT1zcF9tdGY%26psc%3D1,https://m.media-amazon.com/images/I/71AkLkCvagL._AC_UL320_.jpg
"Honey Stinger Organic Gluten Free Cookies & Cream Waffle | Energy Stroopwafel for Exercise, Endurance and Performance | Sports Nutrition for Home & Gym, Pre and Post Workout | 12 Waffles, 12.72 Ounce",B09G7KYF6L,20.49,4.6 out of 5 stars,"7,765",https://www.amazon.com/sspa/click?ie=UTF8&spc=MToyMzkzOTM4OTU4MTUwMjg6MTY5MTgxMzE5NzpzcF9tdGY6MjAwMTIzOTMxNjg3Mzk4OjowOjo&url=%2FHoney-Stinger-Organic-Cookies-Nutrition%2Fdp%2FB09G7KYF6L%2Fref%3Dsr_1_32_sspa%3Fkeywords%3Dcookies%26qid%3D1691813197%26sr%3D8-32-spons%26sp_csd%3Dd2lkZ2V0TmFtZT1zcF9tdGY%26psc%3D1,https://m.media-amazon.com/images/I/81XurR5AfzL._AC_UL320_.jpg
"Pillsbury Mini Soft Baked Cookies, Confetti, Snack Bags, 12 ct",B09ZQ41BP8,5.88,4.3 out of 5 stars,575,https://www.amazon.com/Pillsbury-Baked-Cookies-Confetti-Count/dp/B09ZQ41BP8/ref=sr_1_33?keywords=cookies&qid=1691813197&sr=8-33,https://m.media-amazon.com/images/I/81RDxvRHX9L._AC_UL320_.jpg
Pillsbury Soft Baked Cinnamon Toast Crunch Cookies 18 Ct,B0BZTLLVTV,3.18,4.1 out of 5 stars,35,https://www.amazon.com/Pillsbury-Baked-Cinnamon-Crunch-Cookies/dp/B0BZTLLVTV/ref=sr_1_34?keywords=cookies&qid=1691813197&sr=8-34,https://m.media-amazon.com/images/I/81aRMFg+tPL._AC_UL320_.jpg
"Famous Amos Wonders of the World Belgian Gourmet Chocolate Chip Cookies, Bite-Sized in a Resealable 7 oz Bag (Pack of 1)",B08W8N25RT,4.79,4.3 out of 5 stars,"7,159",https://www.amazon.com/Famous-Amos-Cookies-Belgian-Chocolate/dp/B08W8N25RT/ref=sr_1_35?keywords=cookies&qid=1691813197&sr=8-35,https://m.media-amazon.com/images/I/81uupUMJ1aL._AC_UL320_.jpg
"OREO Mini Cookies, CHIPS AHOY! Mini Cookies, Nutter Butter Bites, RITZ Bits Cheese Crackers & Teddy Grahams Cinnamon, School Lunch Box Snacks, 15 Big Bags",B087Z9T1CN,25.58,4.7 out of 5 stars,"8,017",https://www.amazon.com/Crackers-Cinnamon-Variety-Pack-Halloween/dp/B087Z9T1CN/ref=sr_1_36?keywords=cookies&qid=1691813197&sr=8-36,https://m.media-amazon.com/images/I/91EbKMAsXgL._AC_UL320_.jpg
Knott’s Berry Farm Strawberry Shortbread Cookies 36 - 2 Oz Bags,B07BFJDZHH,0,4.3 out of 5 stars,"2,523",https://www.amazon.com/Knotts-Berry-Farm-Strawberry-Shortbread/dp/B07BFJDZHH/ref=sr_1_37?keywords=cookies&qid=1691813197&sr=8-37,https://m.media-amazon.com/images/I/810yCYhnooL._AC_UL320_.jpg
"Newtons Soft & Fruit Chewy Fig Cookies, 48 Snack Packs (2 Cookies Per Pack, 4 Boxes)",B000F9XBIE,25.68,4.7 out of 5 stars,"7,781",https://www.amazon.com/Newtons-Fig-Fruit-Chewy-Cookies/dp/B000F9XBIE/ref=sr_1_38?keywords=cookies&qid=1691813197&sr=8-38,https://m.media-amazon.com/images/I/81MQoB3nwhL._AC_UL320_.jpg
"Walker's Shortbread Fingers, Pure Butter Shortbread Cookies, 1.4 Oz (Pack of 24)",B01LTI9AJI,22.37,4.7 out of 5 stars,"13,871",https://www.amazon.com/Walkers-Shortbread-Traditional-Ingredients-Artificial/dp/B01LTI9AJI/ref=sr_1_39?keywords=cookies&qid=1691813197&sr=8-39,https://m.media-amazon.com/images/I/81TDPyJ8fWL._AC_UL320_.jpg
"Pepperidge Farm, Milano, Cookies, Dark Chocolate, 22.5 oz, Multi-pack, Tub, 2-packs, Total 30-count",B07HHJ89L3,19.98,4.7 out of 5 stars,"40,085",https://www.amazon.com/Pepperidge-Farm-Chocolate-Multi-pack-30-count/dp/B07HHJ89L3/ref=sr_1_40?keywords=cookies&qid=1691813197&sr=8-40,https://m.media-amazon.com/images/I/81w32cLFAKL._AC_UL320_.jpg
"Glico Cookie And Cream Covered Cocoa Biscuit Sticks, 4.57 Ounce",B01N2PNHNS,3.45,4.5 out of 5 stars,"22,228",https://www.amazon.com/Glico-Cookie-Covered-Biscuit-Sticks/dp/B01N2PNHNS/ref=sr_1_41?keywords=cookies&qid=1691813197&sr=8-41,https://m.media-amazon.com/images/I/71MhicsrTZL._AC_UL320_.jpg
Pillsbury Soft Baked Lucky Charms Cookies 18 CT,B0BZTL9H8D,3.18,3.8 out of 5 stars,42,https://www.amazon.com/Pillsbury-Baked-Lucky-Charms-Cookies/dp/B0BZTL9H8D/ref=sr_1_42?keywords=cookies&qid=1691813197&sr=8-42,https://m.media-amazon.com/images/I/717nBzoxGcL._AC_UL320_.jpg
"Lotus Biscoff, Caramelized Biscuit Cookies, non GMO + Vegan - 8.8 Oz (Pack of 10)",B01N9SWUOU,22.48,4.7 out of 5 stars,"20,603",https://www.amazon.com/Lotus-Biscoff-European-Biscuit-Cookies/dp/B01N9SWUOU/ref=sr_1_43?keywords=cookies&qid=1691813197&sr=8-43,https://m.media-amazon.com/images/I/81nxXreJXML._AC_UL320_.jpg
Nabisco Lorna Doone Shortbread Cookies - 30 ct.,B00MGDQNVO,21.03,4.4 out of 5 stars,518,https://www.amazon.com/Nabisco%C2%AE-Lorna-Doone%C2%AE-Shortbread-Cookies/dp/B00MGDQNVO/ref=sr_1_44?keywords=cookies&qid=1691813197&sr=8-44,https://m.media-amazon.com/images/I/911vPHVUa6L._AC_UL320_.jpg
"Stauffer's 2-pack Snaps Cookies Variety: Ginger Snaps & Lemon Snaps, 14 Oz. Bags [1 of Each]",B00VG8OJCU,11.47,4.4 out of 5 stars,723,https://www.amazon.com/Stauffers-2-pack-Snaps-Cookies-Variety/dp/B00VG8OJCU/ref=sr_1_45?keywords=cookies&qid=1691813197&sr=8-45,https://m.media-amazon.com/images/I/7122-vMOwHL._AC_UL320_.jpg
"Nutella Biscuits - Delicious Nutella Cookies With Hazelnut Spread Filling In a snack pack format, Nutella Snacks 3 Biscuits, 41.4 grams per pack (In KH Packaging) (Nutella Biscuits Snack Pack, 5 pack)",B0C6L3ZT7N,11.99,4.8 out of 5 stars,19,https://www.amazon.com/Nutella-Biscuits-Delicious-Hazelnut-Packaging/dp/B0C6L3ZT7N/ref=sr_1_46?keywords=cookies&qid=1691813197&sr=8-46,https://m.media-amazon.com/images/I/71uz5ymMQoL._AC_UL320_.jpg
Walker’s Pure Butter Shortbread Traditional Assortment - 17 Assorted Cookies Per Box - Authentic Shortbread Cookies from Scotland,B004R9GJ3W,16.57,4.7 out of 5 stars,"6,810",https://www.amazon.com/Walkers-Shortbread-Traditional-Assortment-Ingredients/dp/B004R9GJ3W/ref=sr_1_47?keywords=cookies&qid=1691813197&sr=8-47,https://m.media-amazon.com/images/I/810L63gyvgL._AC_UL320_.jpg
"Sugar Bowl Bakery, Madeleine Cookies, Buttery Soft, Regular, 12 Count, Net wt. 8.4 Oz",B0845X8CVW,4.13,4.5 out of 5 stars,261,https://www.amazon.com/Sugar-Bowl-Bakery-Madeleines-12ct/dp/B0845X8CVW/ref=sr_1_48_f3_0o_fs?keywords=cookies&qid=1691813197&sr=8-48,https://m.media-amazon.com/images/I/71GW3rPhiQL._AC_UL320_.jpg
"Dewey's Bakery Lemon Moravian Style Cookie Thins | Baked in Small Batches | Real, Simple Ingredients | Time-Honored Southern Bakery Recipe | Low Calorie Cookie Thins | 28oz",B07RX2KR77,17.33,4.4 out of 5 stars,941,https://www.amazon.com/Deweys-Bakery-Meyer-Moravian-Cookie/dp/B07RX2KR77/ref=sr_1_49?keywords=cookies&qid=1691813197&sr=8-49,https://m.media-amazon.com/images/I/812e5MxAHEL._AC_UL320_.jpg
"Newtons Soft & Chewy Cookies Variety Pack, Newtons Fig Cookies and Strawberry Cookies, 4 Packs",B096P4Z28X,17.74,4.5 out of 5 stars,968,https://www.amazon.com/Newtons-Cookies-Variety-Strawberry-Triple/dp/B096P4Z28X/ref=sr_1_50?keywords=cookies&qid=1691813197&sr=8-50,https://m.media-amazon.com/images/I/91EXfwm2AkL._AC_UL320_.jpg
"Pepperidge Farm Pirouette Cookies, French Vanilla Flavored Crème Filled Wafers, 13.5 Oz Tin",B00CJCPUT8,6.98,4.6 out of 5 stars,"3,918",https://www.amazon.com/Pepperidge-Farm-French-Vanilla-Pirouettes/dp/B00CJCPUT8/ref=sr_1_51?keywords=cookies&qid=1691813197&sr=8-51,https://m.media-amazon.com/images/I/71lzCwbt0eL._AC_UL320_.jpg
"OREO Chocolate Sandwich Cookies, Family Size, 3 Packs",B07ZR3D5T9,14.48,4.8 out of 5 stars,"12,343",https://www.amazon.com/Oreo-Chocolate-Sandwich-Cookies-Family/dp/B07ZR3D5T9/ref=sr_1_52?keywords=cookies&qid=1691813197&sr=8-52,https://m.media-amazon.com/images/I/81MyBbMCVqL._AC_UL320_.jpg
"Little Debbie Oatmeal Creme Pies, 12 Individually Wrapped creme pies, 16.2 Ounces, Pack of One (1)",B07K6C6278,2.68,4.6 out of 5 stars,"7,974",https://www.amazon.com/Little-Debbie-Oatmeal-Cr%C3%A8me-Pie/dp/B07K6C6278/ref=sr_1_53?keywords=cookies&qid=1691813197&sr=8-53,https://m.media-amazon.com/images/I/81an7ILBWrL._AC_UL320_.jpg
Dare Creme Cookies 10.2 ounce (pack of 2) (maple)2,B088KR6PXL,14.87,4.2 out of 5 stars,"1,400",https://www.amazon.com/Dare-Creme-Cookies-ounce-maple/dp/B088KR6PXL/ref=sr_1_54?keywords=cookies&qid=1691813197&sr=8-54,https://m.media-amazon.com/images/I/91zpMQnSo1L._AC_UL320_.jpg
"Amazon Brand - Happy Belly Vanilla Wafers, 12 Ounce",B07WXWK8S6,3.53,4.2 out of 5 stars,"11,689",https://www.amazon.com/Amazon-Brand-Happy-Vanilla-Wafers/dp/B07WXWK8S6/ref=sr_1_55?keywords=cookies&qid=1691813197&sr=8-55,https://m.media-amazon.com/images/I/719hlkdhXmL._AC_UL320_.jpg
David’s Cookies Gourmet Butter Pecan Meltaway Cookies Gift Basket – 32oz Butter Cookies with Crunchy Pecans and Powdered Sugar – All-Natural Ingredients – Kosher Recipe – Ideal Gift for Corporate Birthday Fathers Mothers Day Get Well and Other Special Occasions,B0000DA0XJ,32.99,4.2 out of 5 stars,"14,490",https://www.amazon.com/Davids-Cookies-Butter-Pecan-Melt/dp/B0000DA0XJ/ref=sr_1_56?keywords=cookies&qid=1691813197&rdc=1&sr=8-56,https://m.media-amazon.com/images/I/71SII1aCu-L._AC_UL320_.jpg
"Fresh Brand – Chocolate Chunk Cookies, 15 oz (12 ct) (Frozen)",B08MVXNKR3,5.49,4.4 out of 5 stars,58,https://www.amazon.com/Fresh-Brand-Chocolate-Cookies-FROZEN/dp/B08MVXNKR3/ref=sr_1_57_f3_0o_fs?keywords=cookies&qid=1691813197&sr=8-57,https://m.media-amazon.com/images/I/91uQjVanN0S._AC_UL320_.jpg
"Royal Dansk Danish Cookies Tin, butter, 24 Ounce",B00XM5KSV6,9.36,4.6 out of 5 stars,"76,945",https://www.amazon.com/Royal-Dansk-Danish-Butter-Cookies/dp/B00XM5KSV6/ref=sr_1_58?keywords=cookies&qid=1691813197&sr=8-58,https://m.media-amazon.com/images/I/71a4aGPpmFL._AC_UL320_.jpg
"Lotus Biscoff Cookies – Caramelized Biscuit Cookies – 300 Cookies Individually Wrapped – Vegan,0.2 Ounce (Pack of 300)",B01NCX579U,39.99,4.7 out of 5 stars,"8,948",https://www.amazon.com/Lotus-Biscoff-European-Biscuit-Individually/dp/B01NCX579U/ref=sr_1_59?keywords=cookies&qid=1691813197&sr=8-59,https://m.media-amazon.com/images/I/81DP2u-Og3L._AC_UL320_.jpg
Almond Flour Cookies Peanut Butter,B0B8GHWJ5C,4.88,3.4 out of 5 stars,749,https://www.amazon.com/Almond-Flour-Cookies-Peanut-Butter/dp/B0B8GHWJ5C/ref=sr_1_60?keywords=cookies&qid=1691813197&sr=8-60,https://m.media-amazon.com/images/I/813UF9ozBHL._AC_UL320_.jpg
